id,parentActivityInstanceId,activityId,activityName,activityType,processDefinitionKey,processDefinitionId,processInstanceId,executionId,taskId,calledProcessInstanceId,calledCaseInstanceId,assignee,canceled,completeScope,tenantId,removalTime,rootProcessInstanceId,startTime,endTime,durationInMillis
EndEvent_1u0rqsq:28c56e44-63fb-11ea-8dcd-00d86175334f,28c37268-63fb-11ea-8dcd-00d86175334f,EndEvent_1u0rqsq,Process Completed,noneEndEvent,sequence,sequence:1:56ede483-5de0-11ea-a86b-00d86175334f,28c37268-63fb-11ea-8dcd-00d86175334f,28c37268-63fb-11ea-8dcd-00d86175334f,,,,,false,true,,,28c37268-63fb-11ea-8dcd-00d86175334f,2020-03-12T10:48:16.019+1000,2020-03-12T10:48:16.019+1000,0
EndEvent_1u0rqsq:6c7a8e30-5de0-11ea-a86b-00d86175334f,6c7a8e24-5de0-11ea-a86b-00d86175334f,EndEvent_1u0rqsq,Process Completed,noneEndEvent,sequence,sequence:1:56ede483-5de0-11ea-a86b-00d86175334f,6c7a8e24-5de0-11ea-a86b-00d86175334f,6c7a8e24-5de0-11ea-a86b-00d86175334f,,,,,false,true,,,6c7a8e24-5de0-11ea-a86b-00d86175334f,2020-03-04T16:21:46.226+1000,2020-03-04T16:21:46.226+1000,0
EndEvent_1u0rqsq:a7ec653f-63fb-11ea-8dcd-00d86175334f,a7ec1713-63fb-11ea-8dcd-00d86175334f,EndEvent_1u0rqsq,Process Completed,noneEndEvent,sequence,sequence:1:56ede483-5de0-11ea-a86b-00d86175334f,a7ec1713-63fb-11ea-8dcd-00d86175334f,a7ec1713-63fb-11ea-8dcd-00d86175334f,,,,,false,true,,,a7ec1713-63fb-11ea-8dcd-00d86175334f,2020-03-12T10:51:49.345+1000,2020-03-12T10:51:49.346+1000,1
EndEvent_1u0rqsq:a7f0ab0c-63fb-11ea-8dcd-00d86175334f,a7f05ce0-63fb-11ea-8dcd-00d86175334f,EndEvent_1u0rqsq,Process Completed,noneEndEvent,sequence,sequence:1:56ede483-5de0-11ea-a86b-00d86175334f,a7f05ce0-63fb-11ea-8dcd-00d86175334f,a7f05ce0-63fb-11ea-8dcd-00d86175334f,,,,,false,true,,,a7f05ce0-63fb-11ea-8dcd-00d86175334f,2020-03-12T10:51:49.373+1000,2020-03-12T10:51:49.373+1000,0
EndEvent_1u0rqsq:a7f2a6e9-63fb-11ea-8dcd-00d86175334f,a7f258bd-63fb-11ea-8dcd-00d86175334f,EndEvent_1u0rqsq,Process Completed,noneEndEvent,sequence,sequence:1:56ede483-5de0-11ea-a86b-00d86175334f,a7f258bd-63fb-11ea-8dcd-00d86175334f,a7f258bd-63fb-11ea-8dcd-00d86175334f,,,,,false,true,,,a7f258bd-63fb-11ea-8dcd-00d86175334f,2020-03-12T10:51:49.386+1000,2020-03-12T10:51:49.386+1000,0
EndEvent_1u0rqsq:a7f4a2c6-63fb-11ea-8dcd-00d86175334f,a7f4549a-63fb-11ea-8dcd-00d86175334f,EndEvent_1u0rqsq,Process Completed,noneEndEvent,sequence,sequence:1:56ede483-5de0-11ea-a86b-00d86175334f,a7f4549a-63fb-11ea-8dcd-00d86175334f,a7f4549a-63fb-11ea-8dcd-00d86175334f,,,,,false,true,,,a7f4549a-63fb-11ea-8dcd-00d86175334f,2020-03-12T10:51:49.399+1000,2020-03-12T10:51:49.399+1000,0
EndEvent_1u0rqsq:a7f60263-63fb-11ea-8dcd-00d86175334f,a7f5db47-63fb-11ea-8dcd-00d86175334f,EndEvent_1u0rqsq,Process Completed,noneEndEvent,sequence,sequence:1:56ede483-5de0-11ea-a86b-00d86175334f,a7f5db47-63fb-11ea-8dcd-00d86175334f,a7f5db47-63fb-11ea-8dcd-00d86175334f,,,,,false,true,,,a7f5db47-63fb-11ea-8dcd-00d86175334f,2020-03-12T10:51:49.408+1000,2020-03-12T10:51:49.408+1000,0
EndEvent_1u0rqsq:a7f73af0-63fb-11ea-8dcd-00d86175334f,a7f713d4-63fb-11ea-8dcd-00d86175334f,EndEvent_1u0rqsq,Process Completed,noneEndEvent,sequence,sequence:1:56ede483-5de0-11ea-a86b-00d86175334f,a7f713d4-63fb-11ea-8dcd-00d86175334f,a7f713d4-63fb-11ea-8dcd-00d86175334f,,,,,false,true,,,a7f713d4-63fb-11ea-8dcd-00d86175334f,2020-03-12T10:51:49.416+1000,2020-03-12T10:51:49.416+1000,0
EndEvent_1u0rqsq:a7f84c6d-63fb-11ea-8dcd-00d86175334f,a7f82551-63fb-11ea-8dcd-00d86175334f,EndEvent_1u0rqsq,Process Completed,noneEndEvent,sequence,sequence:1:56ede483-5de0-11ea-a86b-00d86175334f,a7f82551-63fb-11ea-8dcd-00d86175334f,a7f82551-63fb-11ea-8dcd-00d86175334f,,,,,false,true,,,a7f82551-63fb-11ea-8dcd-00d86175334f,2020-03-12T10:51:49.423+1000,2020-03-12T10:51:49.423+1000,0
EndEvent_1u0rqsq:a7f984fa-63fb-11ea-8dcd-00d86175334f,a7f95dde-63fb-11ea-8dcd-00d86175334f,EndEvent_1u0rqsq,Process Completed,noneEndEvent,sequence,sequence:1:56ede483-5de0-11ea-a86b-00d86175334f,a7f95dde-63fb-11ea-8dcd-00d86175334f,a7f95dde-63fb-11ea-8dcd-00d86175334f,,,,,false,true,,,a7f95dde-63fb-11ea-8dcd-00d86175334f,2020-03-12T10:51:49.431+1000,2020-03-12T10:51:49.431+1000,0
EndEvent_1u0rqsq:a7fa9677-63fb-11ea-8dcd-00d86175334f,a7fa6f5b-63fb-11ea-8dcd-00d86175334f,EndEvent_1u0rqsq,Process Completed,noneEndEvent,sequence,sequence:1:56ede483-5de0-11ea-a86b-00d86175334f,a7fa6f5b-63fb-11ea-8dcd-00d86175334f,a7fa6f5b-63fb-11ea-8dcd-00d86175334f,,,,,false,true,,,a7fa6f5b-63fb-11ea-8dcd-00d86175334f,2020-03-12T10:51:49.438+1000,2020-03-12T10:51:49.438+1000,0
EndEvent_1u0rqsq:a7fbf614-63fb-11ea-8dcd-00d86175334f,a7fba7e8-63fb-11ea-8dcd-00d86175334f,EndEvent_1u0rqsq,Process Completed,noneEndEvent,sequence,sequence:1:56ede483-5de0-11ea-a86b-00d86175334f,a7fba7e8-63fb-11ea-8dcd-00d86175334f,a7fba7e8-63fb-11ea-8dcd-00d86175334f,,,,,false,true,,,a7fba7e8-63fb-11ea-8dcd-00d86175334f,2020-03-12T10:51:49.447+1000,2020-03-12T10:51:49.447+1000,0
StartEvent_1:28c483d9-63fb-11ea-8dcd-00d86175334f,28c37268-63fb-11ea-8dcd-00d86175334f,StartEvent_1,Process Initiated,startEvent,sequence,sequence:1:56ede483-5de0-11ea-a86b-00d86175334f,28c37268-63fb-11ea-8dcd-00d86175334f,28c37268-63fb-11ea-8dcd-00d86175334f,,,,,false,false,,,28c37268-63fb-11ea-8dcd-00d86175334f,2020-03-12T10:48:16.013+1000,2020-03-12T10:48:16.015+1000,2
StartEvent_1:6c7a8e25-5de0-11ea-a86b-00d86175334f,6c7a8e24-5de0-11ea-a86b-00d86175334f,StartEvent_1,Process Initiated,startEvent,sequence,sequence:1:56ede483-5de0-11ea-a86b-00d86175334f,6c7a8e24-5de0-11ea-a86b-00d86175334f,6c7a8e24-5de0-11ea-a86b-00d86175334f,,,,,false,false,,,6c7a8e24-5de0-11ea-a86b-00d86175334f,2020-03-04T16:21:46.225+1000,2020-03-04T16:21:46.225+1000,0
StartEvent_1:a7ec1714-63fb-11ea-8dcd-00d86175334f,a7ec1713-63fb-11ea-8dcd-00d86175334f,StartEvent_1,Process Initiated,startEvent,sequence,sequence:1:56ede483-5de0-11ea-a86b-00d86175334f,a7ec1713-63fb-11ea-8dcd-00d86175334f,a7ec1713-63fb-11ea-8dcd-00d86175334f,,,,,false,false,,,a7ec1713-63fb-11ea-8dcd-00d86175334f,2020-03-12T10:51:49.343+1000,2020-03-12T10:51:49.343+1000,0
StartEvent_1:a7f05ce1-63fb-11ea-8dcd-00d86175334f,a7f05ce0-63fb-11ea-8dcd-00d86175334f,StartEvent_1,Process Initiated,startEvent,sequence,sequence:1:56ede483-5de0-11ea-a86b-00d86175334f,a7f05ce0-63fb-11ea-8dcd-00d86175334f,a7f05ce0-63fb-11ea-8dcd-00d86175334f,,,,,false,false,,,a7f05ce0-63fb-11ea-8dcd-00d86175334f,2020-03-12T10:51:49.371+1000,2020-03-12T10:51:49.371+1000,0
StartEvent_1:a7f258be-63fb-11ea-8dcd-00d86175334f,a7f258bd-63fb-11ea-8dcd-00d86175334f,StartEvent_1,Process Initiated,startEvent,sequence,sequence:1:56ede483-5de0-11ea-a86b-00d86175334f,a7f258bd-63fb-11ea-8dcd-00d86175334f,a7f258bd-63fb-11ea-8dcd-00d86175334f,,,,,false,false,,,a7f258bd-63fb-11ea-8dcd-00d86175334f,2020-03-12T10:51:49.384+1000,2020-03-12T10:51:49.385+1000,1
StartEvent_1:a7f4549b-63fb-11ea-8dcd-00d86175334f,a7f4549a-63fb-11ea-8dcd-00d86175334f,StartEvent_1,Process Initiated,startEvent,sequence,sequence:1:56ede483-5de0-11ea-a86b-00d86175334f,a7f4549a-63fb-11ea-8dcd-00d86175334f,a7f4549a-63fb-11ea-8dcd-00d86175334f,,,,,false,false,,,a7f4549a-63fb-11ea-8dcd-00d86175334f,2020-03-12T10:51:49.397+1000,2020-03-12T10:51:49.397+1000,0
StartEvent_1:a7f5db48-63fb-11ea-8dcd-00d86175334f,a7f5db47-63fb-11ea-8dcd-00d86175334f,StartEvent_1,Process Initiated,startEvent,sequence,sequence:1:56ede483-5de0-11ea-a86b-00d86175334f,a7f5db47-63fb-11ea-8dcd-00d86175334f,a7f5db47-63fb-11ea-8dcd-00d86175334f,,,,,false,false,,,a7f5db47-63fb-11ea-8dcd-00d86175334f,2020-03-12T10:51:49.407+1000,2020-03-12T10:51:49.407+1000,0
StartEvent_1:a7f713d5-63fb-11ea-8dcd-00d86175334f,a7f713d4-63fb-11ea-8dcd-00d86175334f,StartEvent_1,Process Initiated,startEvent,sequence,sequence:1:56ede483-5de0-11ea-a86b-00d86175334f,a7f713d4-63fb-11ea-8dcd-00d86175334f,a7f713d4-63fb-11ea-8dcd-00d86175334f,,,,,false,false,,,a7f713d4-63fb-11ea-8dcd-00d86175334f,2020-03-12T10:51:49.415+1000,2020-03-12T10:51:49.415+1000,0
StartEvent_1:a7f82552-63fb-11ea-8dcd-00d86175334f,a7f82551-63fb-11ea-8dcd-00d86175334f,StartEvent_1,Process Initiated,startEvent,sequence,sequence:1:56ede483-5de0-11ea-a86b-00d86175334f,a7f82551-63fb-11ea-8dcd-00d86175334f,a7f82551-63fb-11ea-8dcd-00d86175334f,,,,,false,false,,,a7f82551-63fb-11ea-8dcd-00d86175334f,2020-03-12T10:51:49.422+1000,2020-03-12T10:51:49.422+1000,0
StartEvent_1:a7f95ddf-63fb-11ea-8dcd-00d86175334f,a7f95dde-63fb-11ea-8dcd-00d86175334f,StartEvent_1,Process Initiated,startEvent,sequence,sequence:1:56ede483-5de0-11ea-a86b-00d86175334f,a7f95dde-63fb-11ea-8dcd-00d86175334f,a7f95dde-63fb-11ea-8dcd-00d86175334f,,,,,false,false,,,a7f95dde-63fb-11ea-8dcd-00d86175334f,2020-03-12T10:51:49.430+1000,2020-03-12T10:51:49.430+1000,0
StartEvent_1:a7fa6f5c-63fb-11ea-8dcd-00d86175334f,a7fa6f5b-63fb-11ea-8dcd-00d86175334f,StartEvent_1,Process Initiated,startEvent,sequence,sequence:1:56ede483-5de0-11ea-a86b-00d86175334f,a7fa6f5b-63fb-11ea-8dcd-00d86175334f,a7fa6f5b-63fb-11ea-8dcd-00d86175334f,,,,,false,false,,,a7fa6f5b-63fb-11ea-8dcd-00d86175334f,2020-03-12T10:51:49.437+1000,2020-03-12T10:51:49.438+1000,1
StartEvent_1:a7fbcef9-63fb-11ea-8dcd-00d86175334f,a7fba7e8-63fb-11ea-8dcd-00d86175334f,StartEvent_1,Process Initiated,startEvent,sequence,sequence:1:56ede483-5de0-11ea-a86b-00d86175334f,a7fba7e8-63fb-11ea-8dcd-00d86175334f,a7fba7e8-63fb-11ea-8dcd-00d86175334f,,,,,false,false,,,a7fba7e8-63fb-11ea-8dcd-00d86175334f,2020-03-12T10:51:49.446+1000,2020-03-12T10:51:49.446+1000,0
Task_07omwv4:28c5472e-63fb-11ea-8dcd-00d86175334f,28c37268-63fb-11ea-8dcd-00d86175334f,Task_07omwv4,Task 5,task,sequence,sequence:1:56ede483-5de0-11ea-a86b-00d86175334f,28c37268-63fb-11ea-8dcd-00d86175334f,28c37268-63fb-11ea-8dcd-00d86175334f,,,,,false,false,,,28c37268-63fb-11ea-8dcd-00d86175334f,2020-03-12T10:48:16.018+1000,2020-03-12T10:48:16.018+1000,0
Task_07omwv4:6c7a8e2a-5de0-11ea-a86b-00d86175334f,6c7a8e24-5de0-11ea-a86b-00d86175334f,Task_07omwv4,Task 5,task,sequence,sequence:1:56ede483-5de0-11ea-a86b-00d86175334f,6c7a8e24-5de0-11ea-a86b-00d86175334f,6c7a8e24-5de0-11ea-a86b-00d86175334f,,,,,false,false,,,6c7a8e24-5de0-11ea-a86b-00d86175334f,2020-03-04T16:21:46.225+1000,2020-03-04T16:21:46.225+1000,0
Task_07omwv4:a7ec3e29-63fb-11ea-8dcd-00d86175334f,a7ec1713-63fb-11ea-8dcd-00d86175334f,Task_07omwv4,Task 5,task,sequence,sequence:1:56ede483-5de0-11ea-a86b-00d86175334f,a7ec1713-63fb-11ea-8dcd-00d86175334f,a7ec1713-63fb-11ea-8dcd-00d86175334f,,,,,false,false,,,a7ec1713-63fb-11ea-8dcd-00d86175334f,2020-03-12T10:51:49.344+1000,2020-03-12T10:51:49.344+1000,0
Task_07omwv4:a7f083f6-63fb-11ea-8dcd-00d86175334f,a7f05ce0-63fb-11ea-8dcd-00d86175334f,Task_07omwv4,Task 5,task,sequence,sequence:1:56ede483-5de0-11ea-a86b-00d86175334f,a7f05ce0-63fb-11ea-8dcd-00d86175334f,a7f05ce0-63fb-11ea-8dcd-00d86175334f,,,,,false,false,,,a7f05ce0-63fb-11ea-8dcd-00d86175334f,2020-03-12T10:51:49.372+1000,2020-03-12T10:51:49.372+1000,0
Task_07omwv4:a7f27fd3-63fb-11ea-8dcd-00d86175334f,a7f258bd-63fb-11ea-8dcd-00d86175334f,Task_07omwv4,Task 5,task,sequence,sequence:1:56ede483-5de0-11ea-a86b-00d86175334f,a7f258bd-63fb-11ea-8dcd-00d86175334f,a7f258bd-63fb-11ea-8dcd-00d86175334f,,,,,false,false,,,a7f258bd-63fb-11ea-8dcd-00d86175334f,2020-03-12T10:51:49.385+1000,2020-03-12T10:51:49.385+1000,0
Task_07omwv4:a7f47bb0-63fb-11ea-8dcd-00d86175334f,a7f4549a-63fb-11ea-8dcd-00d86175334f,Task_07omwv4,Task 5,task,sequence,sequence:1:56ede483-5de0-11ea-a86b-00d86175334f,a7f4549a-63fb-11ea-8dcd-00d86175334f,a7f4549a-63fb-11ea-8dcd-00d86175334f,,,,,false,false,,,a7f4549a-63fb-11ea-8dcd-00d86175334f,2020-03-12T10:51:49.398+1000,2020-03-12T10:51:49.398+1000,0
Task_07omwv4:a7f6025d-63fb-11ea-8dcd-00d86175334f,a7f5db47-63fb-11ea-8dcd-00d86175334f,Task_07omwv4,Task 5,task,sequence,sequence:1:56ede483-5de0-11ea-a86b-00d86175334f,a7f5db47-63fb-11ea-8dcd-00d86175334f,a7f5db47-63fb-11ea-8dcd-00d86175334f,,,,,false,false,,,a7f5db47-63fb-11ea-8dcd-00d86175334f,2020-03-12T10:51:49.408+1000,2020-03-12T10:51:49.408+1000,0
Task_07omwv4:a7f713da-63fb-11ea-8dcd-00d86175334f,a7f713d4-63fb-11ea-8dcd-00d86175334f,Task_07omwv4,Task 5,task,sequence,sequence:1:56ede483-5de0-11ea-a86b-00d86175334f,a7f713d4-63fb-11ea-8dcd-00d86175334f,a7f713d4-63fb-11ea-8dcd-00d86175334f,,,,,false,false,,,a7f713d4-63fb-11ea-8dcd-00d86175334f,2020-03-12T10:51:49.415+1000,2020-03-12T10:51:49.415+1000,0
Task_07omwv4:a7f82557-63fb-11ea-8dcd-00d86175334f,a7f82551-63fb-11ea-8dcd-00d86175334f,Task_07omwv4,Task 5,task,sequence,sequence:1:56ede483-5de0-11ea-a86b-00d86175334f,a7f82551-63fb-11ea-8dcd-00d86175334f,a7f82551-63fb-11ea-8dcd-00d86175334f,,,,,false,false,,,a7f82551-63fb-11ea-8dcd-00d86175334f,2020-03-12T10:51:49.422+1000,2020-03-12T10:51:49.422+1000,0
Task_07omwv4:a7f95de4-63fb-11ea-8dcd-00d86175334f,a7f95dde-63fb-11ea-8dcd-00d86175334f,Task_07omwv4,Task 5,task,sequence,sequence:1:56ede483-5de0-11ea-a86b-00d86175334f,a7f95dde-63fb-11ea-8dcd-00d86175334f,a7f95dde-63fb-11ea-8dcd-00d86175334f,,,,,false,false,,,a7f95dde-63fb-11ea-8dcd-00d86175334f,2020-03-12T10:51:49.430+1000,2020-03-12T10:51:49.430+1000,0
Task_07omwv4:a7fa9671-63fb-11ea-8dcd-00d86175334f,a7fa6f5b-63fb-11ea-8dcd-00d86175334f,Task_07omwv4,Task 5,task,sequence,sequence:1:56ede483-5de0-11ea-a86b-00d86175334f,a7fa6f5b-63fb-11ea-8dcd-00d86175334f,a7fa6f5b-63fb-11ea-8dcd-00d86175334f,,,,,false,false,,,a7fa6f5b-63fb-11ea-8dcd-00d86175334f,2020-03-12T10:51:49.438+1000,2020-03-12T10:51:49.438+1000,0
Task_07omwv4:a7fbcefe-63fb-11ea-8dcd-00d86175334f,a7fba7e8-63fb-11ea-8dcd-00d86175334f,Task_07omwv4,Task 5,task,sequence,sequence:1:56ede483-5de0-11ea-a86b-00d86175334f,a7fba7e8-63fb-11ea-8dcd-00d86175334f,a7fba7e8-63fb-11ea-8dcd-00d86175334f,,,,,false,false,,,a7fba7e8-63fb-11ea-8dcd-00d86175334f,2020-03-12T10:51:49.446+1000,2020-03-12T10:51:49.446+1000,0
Task_0998gaz:28c54730-63fb-11ea-8dcd-00d86175334f,28c37268-63fb-11ea-8dcd-00d86175334f,Task_0998gaz,Task 7,task,sequence,sequence:1:56ede483-5de0-11ea-a86b-00d86175334f,28c37268-63fb-11ea-8dcd-00d86175334f,28c37268-63fb-11ea-8dcd-00d86175334f,,,,,false,false,,,28c37268-63fb-11ea-8dcd-00d86175334f,2020-03-12T10:48:16.018+1000,2020-03-12T10:48:16.018+1000,0
Task_0998gaz:6c7a8e2c-5de0-11ea-a86b-00d86175334f,6c7a8e24-5de0-11ea-a86b-00d86175334f,Task_0998gaz,Task 7,task,sequence,sequence:1:56ede483-5de0-11ea-a86b-00d86175334f,6c7a8e24-5de0-11ea-a86b-00d86175334f,6c7a8e24-5de0-11ea-a86b-00d86175334f,,,,,false,false,,,6c7a8e24-5de0-11ea-a86b-00d86175334f,2020-03-04T16:21:46.225+1000,2020-03-04T16:21:46.225+1000,0
Task_0998gaz:a7ec653b-63fb-11ea-8dcd-00d86175334f,a7ec1713-63fb-11ea-8dcd-00d86175334f,Task_0998gaz,Task 7,task,sequence,sequence:1:56ede483-5de0-11ea-a86b-00d86175334f,a7ec1713-63fb-11ea-8dcd-00d86175334f,a7ec1713-63fb-11ea-8dcd-00d86175334f,,,,,false,false,,,a7ec1713-63fb-11ea-8dcd-00d86175334f,2020-03-12T10:51:49.345+1000,2020-03-12T10:51:49.345+1000,0
Task_0998gaz:a7f083f8-63fb-11ea-8dcd-00d86175334f,a7f05ce0-63fb-11ea-8dcd-00d86175334f,Task_0998gaz,Task 7,task,sequence,sequence:1:56ede483-5de0-11ea-a86b-00d86175334f,a7f05ce0-63fb-11ea-8dcd-00d86175334f,a7f05ce0-63fb-11ea-8dcd-00d86175334f,,,,,false,false,,,a7f05ce0-63fb-11ea-8dcd-00d86175334f,2020-03-12T10:51:49.372+1000,2020-03-12T10:51:49.373+1000,1
Task_0998gaz:a7f27fd5-63fb-11ea-8dcd-00d86175334f,a7f258bd-63fb-11ea-8dcd-00d86175334f,Task_0998gaz,Task 7,task,sequence,sequence:1:56ede483-5de0-11ea-a86b-00d86175334f,a7f258bd-63fb-11ea-8dcd-00d86175334f,a7f258bd-63fb-11ea-8dcd-00d86175334f,,,,,false,false,,,a7f258bd-63fb-11ea-8dcd-00d86175334f,2020-03-12T10:51:49.385+1000,2020-03-12T10:51:49.385+1000,0
Task_0998gaz:a7f47bb2-63fb-11ea-8dcd-00d86175334f,a7f4549a-63fb-11ea-8dcd-00d86175334f,Task_0998gaz,Task 7,task,sequence,sequence:1:56ede483-5de0-11ea-a86b-00d86175334f,a7f4549a-63fb-11ea-8dcd-00d86175334f,a7f4549a-63fb-11ea-8dcd-00d86175334f,,,,,false,false,,,a7f4549a-63fb-11ea-8dcd-00d86175334f,2020-03-12T10:51:49.398+1000,2020-03-12T10:51:49.398+1000,0
Task_0998gaz:a7f6025f-63fb-11ea-8dcd-00d86175334f,a7f5db47-63fb-11ea-8dcd-00d86175334f,Task_0998gaz,Task 7,task,sequence,sequence:1:56ede483-5de0-11ea-a86b-00d86175334f,a7f5db47-63fb-11ea-8dcd-00d86175334f,a7f5db47-63fb-11ea-8dcd-00d86175334f,,,,,false,false,,,a7f5db47-63fb-11ea-8dcd-00d86175334f,2020-03-12T10:51:49.408+1000,2020-03-12T10:51:49.408+1000,0
Task_0998gaz:a7f713dc-63fb-11ea-8dcd-00d86175334f,a7f713d4-63fb-11ea-8dcd-00d86175334f,Task_0998gaz,Task 7,task,sequence,sequence:1:56ede483-5de0-11ea-a86b-00d86175334f,a7f713d4-63fb-11ea-8dcd-00d86175334f,a7f713d4-63fb-11ea-8dcd-00d86175334f,,,,,false,false,,,a7f713d4-63fb-11ea-8dcd-00d86175334f,2020-03-12T10:51:49.415+1000,2020-03-12T10:51:49.416+1000,1
Task_0998gaz:a7f82559-63fb-11ea-8dcd-00d86175334f,a7f82551-63fb-11ea-8dcd-00d86175334f,Task_0998gaz,Task 7,task,sequence,sequence:1:56ede483-5de0-11ea-a86b-00d86175334f,a7f82551-63fb-11ea-8dcd-00d86175334f,a7f82551-63fb-11ea-8dcd-00d86175334f,,,,,false,false,,,a7f82551-63fb-11ea-8dcd-00d86175334f,2020-03-12T10:51:49.422+1000,2020-03-12T10:51:49.422+1000,0
Task_0998gaz:a7f984f6-63fb-11ea-8dcd-00d86175334f,a7f95dde-63fb-11ea-8dcd-00d86175334f,Task_0998gaz,Task 7,task,sequence,sequence:1:56ede483-5de0-11ea-a86b-00d86175334f,a7f95dde-63fb-11ea-8dcd-00d86175334f,a7f95dde-63fb-11ea-8dcd-00d86175334f,,,,,false,false,,,a7f95dde-63fb-11ea-8dcd-00d86175334f,2020-03-12T10:51:49.431+1000,2020-03-12T10:51:49.431+1000,0
Task_0998gaz:a7fa9673-63fb-11ea-8dcd-00d86175334f,a7fa6f5b-63fb-11ea-8dcd-00d86175334f,Task_0998gaz,Task 7,task,sequence,sequence:1:56ede483-5de0-11ea-a86b-00d86175334f,a7fa6f5b-63fb-11ea-8dcd-00d86175334f,a7fa6f5b-63fb-11ea-8dcd-00d86175334f,,,,,false,false,,,a7fa6f5b-63fb-11ea-8dcd-00d86175334f,2020-03-12T10:51:49.438+1000,2020-03-12T10:51:49.438+1000,0
Task_0998gaz:a7fbcf00-63fb-11ea-8dcd-00d86175334f,a7fba7e8-63fb-11ea-8dcd-00d86175334f,Task_0998gaz,Task 7,task,sequence,sequence:1:56ede483-5de0-11ea-a86b-00d86175334f,a7fba7e8-63fb-11ea-8dcd-00d86175334f,a7fba7e8-63fb-11ea-8dcd-00d86175334f,,,,,false,false,,,a7fba7e8-63fb-11ea-8dcd-00d86175334f,2020-03-12T10:51:49.446+1000,2020-03-12T10:51:49.446+1000,0
Task_0byvx68:28c5201b-63fb-11ea-8dcd-00d86175334f,28c37268-63fb-11ea-8dcd-00d86175334f,Task_0byvx68,Task 2,task,sequence,sequence:1:56ede483-5de0-11ea-a86b-00d86175334f,28c37268-63fb-11ea-8dcd-00d86175334f,28c37268-63fb-11ea-8dcd-00d86175334f,,,,,false,false,,,28c37268-63fb-11ea-8dcd-00d86175334f,2020-03-12T10:48:16.017+1000,2020-03-12T10:48:16.017+1000,0
Task_0byvx68:6c7a8e27-5de0-11ea-a86b-00d86175334f,6c7a8e24-5de0-11ea-a86b-00d86175334f,Task_0byvx68,Task 2,task,sequence,sequence:1:56ede483-5de0-11ea-a86b-00d86175334f,6c7a8e24-5de0-11ea-a86b-00d86175334f,6c7a8e24-5de0-11ea-a86b-00d86175334f,,,,,false,false,,,6c7a8e24-5de0-11ea-a86b-00d86175334f,2020-03-04T16:21:46.225+1000,2020-03-04T16:21:46.225+1000,0
Task_0byvx68:a7ec3e26-63fb-11ea-8dcd-00d86175334f,a7ec1713-63fb-11ea-8dcd-00d86175334f,Task_0byvx68,Task 2,task,sequence,sequence:1:56ede483-5de0-11ea-a86b-00d86175334f,a7ec1713-63fb-11ea-8dcd-00d86175334f,a7ec1713-63fb-11ea-8dcd-00d86175334f,,,,,false,false,,,a7ec1713-63fb-11ea-8dcd-00d86175334f,2020-03-12T10:51:49.344+1000,2020-03-12T10:51:49.344+1000,0
Task_0byvx68:a7f083f3-63fb-11ea-8dcd-00d86175334f,a7f05ce0-63fb-11ea-8dcd-00d86175334f,Task_0byvx68,Task 2,task,sequence,sequence:1:56ede483-5de0-11ea-a86b-00d86175334f,a7f05ce0-63fb-11ea-8dcd-00d86175334f,a7f05ce0-63fb-11ea-8dcd-00d86175334f,,,,,false,false,,,a7f05ce0-63fb-11ea-8dcd-00d86175334f,2020-03-12T10:51:49.372+1000,2020-03-12T10:51:49.372+1000,0
Task_0byvx68:a7f27fd0-63fb-11ea-8dcd-00d86175334f,a7f258bd-63fb-11ea-8dcd-00d86175334f,Task_0byvx68,Task 2,task,sequence,sequence:1:56ede483-5de0-11ea-a86b-00d86175334f,a7f258bd-63fb-11ea-8dcd-00d86175334f,a7f258bd-63fb-11ea-8dcd-00d86175334f,,,,,false,false,,,a7f258bd-63fb-11ea-8dcd-00d86175334f,2020-03-12T10:51:49.385+1000,2020-03-12T10:51:49.385+1000,0
Task_0byvx68:a7f47bad-63fb-11ea-8dcd-00d86175334f,a7f4549a-63fb-11ea-8dcd-00d86175334f,Task_0byvx68,Task 2,task,sequence,sequence:1:56ede483-5de0-11ea-a86b-00d86175334f,a7f4549a-63fb-11ea-8dcd-00d86175334f,a7f4549a-63fb-11ea-8dcd-00d86175334f,,,,,false,false,,,a7f4549a-63fb-11ea-8dcd-00d86175334f,2020-03-12T10:51:49.398+1000,2020-03-12T10:51:49.398+1000,0
Task_0byvx68:a7f6025a-63fb-11ea-8dcd-00d86175334f,a7f5db47-63fb-11ea-8dcd-00d86175334f,Task_0byvx68,Task 2,task,sequence,sequence:1:56ede483-5de0-11ea-a86b-00d86175334f,a7f5db47-63fb-11ea-8dcd-00d86175334f,a7f5db47-63fb-11ea-8dcd-00d86175334f,,,,,false,false,,,a7f5db47-63fb-11ea-8dcd-00d86175334f,2020-03-12T10:51:49.408+1000,2020-03-12T10:51:49.408+1000,0
Task_0byvx68:a7f713d7-63fb-11ea-8dcd-00d86175334f,a7f713d4-63fb-11ea-8dcd-00d86175334f,Task_0byvx68,Task 2,task,sequence,sequence:1:56ede483-5de0-11ea-a86b-00d86175334f,a7f713d4-63fb-11ea-8dcd-00d86175334f,a7f713d4-63fb-11ea-8dcd-00d86175334f,,,,,false,false,,,a7f713d4-63fb-11ea-8dcd-00d86175334f,2020-03-12T10:51:49.415+1000,2020-03-12T10:51:49.415+1000,0
Task_0byvx68:a7f82554-63fb-11ea-8dcd-00d86175334f,a7f82551-63fb-11ea-8dcd-00d86175334f,Task_0byvx68,Task 2,task,sequence,sequence:1:56ede483-5de0-11ea-a86b-00d86175334f,a7f82551-63fb-11ea-8dcd-00d86175334f,a7f82551-63fb-11ea-8dcd-00d86175334f,,,,,false,false,,,a7f82551-63fb-11ea-8dcd-00d86175334f,2020-03-12T10:51:49.422+1000,2020-03-12T10:51:49.422+1000,0
Task_0byvx68:a7f95de1-63fb-11ea-8dcd-00d86175334f,a7f95dde-63fb-11ea-8dcd-00d86175334f,Task_0byvx68,Task 2,task,sequence,sequence:1:56ede483-5de0-11ea-a86b-00d86175334f,a7f95dde-63fb-11ea-8dcd-00d86175334f,a7f95dde-63fb-11ea-8dcd-00d86175334f,,,,,false,false,,,a7f95dde-63fb-11ea-8dcd-00d86175334f,2020-03-12T10:51:49.430+1000,2020-03-12T10:51:49.430+1000,0
Task_0byvx68:a7fa966e-63fb-11ea-8dcd-00d86175334f,a7fa6f5b-63fb-11ea-8dcd-00d86175334f,Task_0byvx68,Task 2,task,sequence,sequence:1:56ede483-5de0-11ea-a86b-00d86175334f,a7fa6f5b-63fb-11ea-8dcd-00d86175334f,a7fa6f5b-63fb-11ea-8dcd-00d86175334f,,,,,false,false,,,a7fa6f5b-63fb-11ea-8dcd-00d86175334f,2020-03-12T10:51:49.438+1000,2020-03-12T10:51:49.438+1000,0
Task_0byvx68:a7fbcefb-63fb-11ea-8dcd-00d86175334f,a7fba7e8-63fb-11ea-8dcd-00d86175334f,Task_0byvx68,Task 2,task,sequence,sequence:1:56ede483-5de0-11ea-a86b-00d86175334f,a7fba7e8-63fb-11ea-8dcd-00d86175334f,a7fba7e8-63fb-11ea-8dcd-00d86175334f,,,,,false,false,,,a7fba7e8-63fb-11ea-8dcd-00d86175334f,2020-03-12T10:51:49.446+1000,2020-03-12T10:51:49.446+1000,0
Task_0fkl9c3:28c5201a-63fb-11ea-8dcd-00d86175334f,28c37268-63fb-11ea-8dcd-00d86175334f,Task_0fkl9c3,Task 1,task,sequence,sequence:1:56ede483-5de0-11ea-a86b-00d86175334f,28c37268-63fb-11ea-8dcd-00d86175334f,28c37268-63fb-11ea-8dcd-00d86175334f,,,,,false,false,,,28c37268-63fb-11ea-8dcd-00d86175334f,2020-03-12T10:48:16.017+1000,2020-03-12T10:48:16.017+1000,0
Task_0fkl9c3:6c7a8e26-5de0-11ea-a86b-00d86175334f,6c7a8e24-5de0-11ea-a86b-00d86175334f,Task_0fkl9c3,Task 1,task,sequence,sequence:1:56ede483-5de0-11ea-a86b-00d86175334f,6c7a8e24-5de0-11ea-a86b-00d86175334f,6c7a8e24-5de0-11ea-a86b-00d86175334f,,,,,false,false,,,6c7a8e24-5de0-11ea-a86b-00d86175334f,2020-03-04T16:21:46.225+1000,2020-03-04T16:21:46.225+1000,0
Task_0fkl9c3:a7ec1715-63fb-11ea-8dcd-00d86175334f,a7ec1713-63fb-11ea-8dcd-00d86175334f,Task_0fkl9c3,Task 1,task,sequence,sequence:1:56ede483-5de0-11ea-a86b-00d86175334f,a7ec1713-63fb-11ea-8dcd-00d86175334f,a7ec1713-63fb-11ea-8dcd-00d86175334f,,,,,false,false,,,a7ec1713-63fb-11ea-8dcd-00d86175334f,2020-03-12T10:51:49.343+1000,2020-03-12T10:51:49.344+1000,1
Task_0fkl9c3:a7f05ce2-63fb-11ea-8dcd-00d86175334f,a7f05ce0-63fb-11ea-8dcd-00d86175334f,Task_0fkl9c3,Task 1,task,sequence,sequence:1:56ede483-5de0-11ea-a86b-00d86175334f,a7f05ce0-63fb-11ea-8dcd-00d86175334f,a7f05ce0-63fb-11ea-8dcd-00d86175334f,,,,,false,false,,,a7f05ce0-63fb-11ea-8dcd-00d86175334f,2020-03-12T10:51:49.371+1000,2020-03-12T10:51:49.372+1000,1
Task_0fkl9c3:a7f27fcf-63fb-11ea-8dcd-00d86175334f,a7f258bd-63fb-11ea-8dcd-00d86175334f,Task_0fkl9c3,Task 1,task,sequence,sequence:1:56ede483-5de0-11ea-a86b-00d86175334f,a7f258bd-63fb-11ea-8dcd-00d86175334f,a7f258bd-63fb-11ea-8dcd-00d86175334f,,,,,false,false,,,a7f258bd-63fb-11ea-8dcd-00d86175334f,2020-03-12T10:51:49.385+1000,2020-03-12T10:51:49.385+1000,0
Task_0fkl9c3:a7f47bac-63fb-11ea-8dcd-00d86175334f,a7f4549a-63fb-11ea-8dcd-00d86175334f,Task_0fkl9c3,Task 1,task,sequence,sequence:1:56ede483-5de0-11ea-a86b-00d86175334f,a7f4549a-63fb-11ea-8dcd-00d86175334f,a7f4549a-63fb-11ea-8dcd-00d86175334f,,,,,false,false,,,a7f4549a-63fb-11ea-8dcd-00d86175334f,2020-03-12T10:51:49.398+1000,2020-03-12T10:51:49.398+1000,0
Task_0fkl9c3:a7f5db49-63fb-11ea-8dcd-00d86175334f,a7f5db47-63fb-11ea-8dcd-00d86175334f,Task_0fkl9c3,Task 1,task,sequence,sequence:1:56ede483-5de0-11ea-a86b-00d86175334f,a7f5db47-63fb-11ea-8dcd-00d86175334f,a7f5db47-63fb-11ea-8dcd-00d86175334f,,,,,false,false,,,a7f5db47-63fb-11ea-8dcd-00d86175334f,2020-03-12T10:51:49.407+1000,2020-03-12T10:51:49.408+1000,1
Task_0fkl9c3:a7f713d6-63fb-11ea-8dcd-00d86175334f,a7f713d4-63fb-11ea-8dcd-00d86175334f,Task_0fkl9c3,Task 1,task,sequence,sequence:1:56ede483-5de0-11ea-a86b-00d86175334f,a7f713d4-63fb-11ea-8dcd-00d86175334f,a7f713d4-63fb-11ea-8dcd-00d86175334f,,,,,false,false,,,a7f713d4-63fb-11ea-8dcd-00d86175334f,2020-03-12T10:51:49.415+1000,2020-03-12T10:51:49.415+1000,0
Task_0fkl9c3:a7f82553-63fb-11ea-8dcd-00d86175334f,a7f82551-63fb-11ea-8dcd-00d86175334f,Task_0fkl9c3,Task 1,task,sequence,sequence:1:56ede483-5de0-11ea-a86b-00d86175334f,a7f82551-63fb-11ea-8dcd-00d86175334f,a7f82551-63fb-11ea-8dcd-00d86175334f,,,,,false,false,,,a7f82551-63fb-11ea-8dcd-00d86175334f,2020-03-12T10:51:49.422+1000,2020-03-12T10:51:49.422+1000,0
Task_0fkl9c3:a7f95de0-63fb-11ea-8dcd-00d86175334f,a7f95dde-63fb-11ea-8dcd-00d86175334f,Task_0fkl9c3,Task 1,task,sequence,sequence:1:56ede483-5de0-11ea-a86b-00d86175334f,a7f95dde-63fb-11ea-8dcd-00d86175334f,a7f95dde-63fb-11ea-8dcd-00d86175334f,,,,,false,false,,,a7f95dde-63fb-11ea-8dcd-00d86175334f,2020-03-12T10:51:49.430+1000,2020-03-12T10:51:49.430+1000,0
Task_0fkl9c3:a7fa966d-63fb-11ea-8dcd-00d86175334f,a7fa6f5b-63fb-11ea-8dcd-00d86175334f,Task_0fkl9c3,Task 1,task,sequence,sequence:1:56ede483-5de0-11ea-a86b-00d86175334f,a7fa6f5b-63fb-11ea-8dcd-00d86175334f,a7fa6f5b-63fb-11ea-8dcd-00d86175334f,,,,,false,false,,,a7fa6f5b-63fb-11ea-8dcd-00d86175334f,2020-03-12T10:51:49.438+1000,2020-03-12T10:51:49.438+1000,0
Task_0fkl9c3:a7fbcefa-63fb-11ea-8dcd-00d86175334f,a7fba7e8-63fb-11ea-8dcd-00d86175334f,Task_0fkl9c3,Task 1,task,sequence,sequence:1:56ede483-5de0-11ea-a86b-00d86175334f,a7fba7e8-63fb-11ea-8dcd-00d86175334f,a7fba7e8-63fb-11ea-8dcd-00d86175334f,,,,,false,false,,,a7fba7e8-63fb-11ea-8dcd-00d86175334f,2020-03-12T10:51:49.446+1000,2020-03-12T10:51:49.446+1000,0
Task_0gboccm:28c5472c-63fb-11ea-8dcd-00d86175334f,28c37268-63fb-11ea-8dcd-00d86175334f,Task_0gboccm,Task 3,task,sequence,sequence:1:56ede483-5de0-11ea-a86b-00d86175334f,28c37268-63fb-11ea-8dcd-00d86175334f,28c37268-63fb-11ea-8dcd-00d86175334f,,,,,false,false,,,28c37268-63fb-11ea-8dcd-00d86175334f,2020-03-12T10:48:16.018+1000,2020-03-12T10:48:16.018+1000,0
Task_0gboccm:6c7a8e28-5de0-11ea-a86b-00d86175334f,6c7a8e24-5de0-11ea-a86b-00d86175334f,Task_0gboccm,Task 3,task,sequence,sequence:1:56ede483-5de0-11ea-a86b-00d86175334f,6c7a8e24-5de0-11ea-a86b-00d86175334f,6c7a8e24-5de0-11ea-a86b-00d86175334f,,,,,false,false,,,6c7a8e24-5de0-11ea-a86b-00d86175334f,2020-03-04T16:21:46.225+1000,2020-03-04T16:21:46.225+1000,0
Task_0gboccm:a7ec3e27-63fb-11ea-8dcd-00d86175334f,a7ec1713-63fb-11ea-8dcd-00d86175334f,Task_0gboccm,Task 3,task,sequence,sequence:1:56ede483-5de0-11ea-a86b-00d86175334f,a7ec1713-63fb-11ea-8dcd-00d86175334f,a7ec1713-63fb-11ea-8dcd-00d86175334f,,,,,false,false,,,a7ec1713-63fb-11ea-8dcd-00d86175334f,2020-03-12T10:51:49.344+1000,2020-03-12T10:51:49.344+1000,0
Task_0gboccm:a7f083f4-63fb-11ea-8dcd-00d86175334f,a7f05ce0-63fb-11ea-8dcd-00d86175334f,Task_0gboccm,Task 3,task,sequence,sequence:1:56ede483-5de0-11ea-a86b-00d86175334f,a7f05ce0-63fb-11ea-8dcd-00d86175334f,a7f05ce0-63fb-11ea-8dcd-00d86175334f,,,,,false,false,,,a7f05ce0-63fb-11ea-8dcd-00d86175334f,2020-03-12T10:51:49.372+1000,2020-03-12T10:51:49.372+1000,0
Task_0gboccm:a7f27fd1-63fb-11ea-8dcd-00d86175334f,a7f258bd-63fb-11ea-8dcd-00d86175334f,Task_0gboccm,Task 3,task,sequence,sequence:1:56ede483-5de0-11ea-a86b-00d86175334f,a7f258bd-63fb-11ea-8dcd-00d86175334f,a7f258bd-63fb-11ea-8dcd-00d86175334f,,,,,false,false,,,a7f258bd-63fb-11ea-8dcd-00d86175334f,2020-03-12T10:51:49.385+1000,2020-03-12T10:51:49.385+1000,0
Task_0gboccm:a7f47bae-63fb-11ea-8dcd-00d86175334f,a7f4549a-63fb-11ea-8dcd-00d86175334f,Task_0gboccm,Task 3,task,sequence,sequence:1:56ede483-5de0-11ea-a86b-00d86175334f,a7f4549a-63fb-11ea-8dcd-00d86175334f,a7f4549a-63fb-11ea-8dcd-00d86175334f,,,,,false,false,,,a7f4549a-63fb-11ea-8dcd-00d86175334f,2020-03-12T10:51:49.398+1000,2020-03-12T10:51:49.398+1000,0
Task_0gboccm:a7f6025b-63fb-11ea-8dcd-00d86175334f,a7f5db47-63fb-11ea-8dcd-00d86175334f,Task_0gboccm,Task 3,task,sequence,sequence:1:56ede483-5de0-11ea-a86b-00d86175334f,a7f5db47-63fb-11ea-8dcd-00d86175334f,a7f5db47-63fb-11ea-8dcd-00d86175334f,,,,,false,false,,,a7f5db47-63fb-11ea-8dcd-00d86175334f,2020-03-12T10:51:49.408+1000,2020-03-12T10:51:49.408+1000,0
Task_0gboccm:a7f713d8-63fb-11ea-8dcd-00d86175334f,a7f713d4-63fb-11ea-8dcd-00d86175334f,Task_0gboccm,Task 3,task,sequence,sequence:1:56ede483-5de0-11ea-a86b-00d86175334f,a7f713d4-63fb-11ea-8dcd-00d86175334f,a7f713d4-63fb-11ea-8dcd-00d86175334f,,,,,false,false,,,a7f713d4-63fb-11ea-8dcd-00d86175334f,2020-03-12T10:51:49.415+1000,2020-03-12T10:51:49.415+1000,0
Task_0gboccm:a7f82555-63fb-11ea-8dcd-00d86175334f,a7f82551-63fb-11ea-8dcd-00d86175334f,Task_0gboccm,Task 3,task,sequence,sequence:1:56ede483-5de0-11ea-a86b-00d86175334f,a7f82551-63fb-11ea-8dcd-00d86175334f,a7f82551-63fb-11ea-8dcd-00d86175334f,,,,,false,false,,,a7f82551-63fb-11ea-8dcd-00d86175334f,2020-03-12T10:51:49.422+1000,2020-03-12T10:51:49.422+1000,0
Task_0gboccm:a7f95de2-63fb-11ea-8dcd-00d86175334f,a7f95dde-63fb-11ea-8dcd-00d86175334f,Task_0gboccm,Task 3,task,sequence,sequence:1:56ede483-5de0-11ea-a86b-00d86175334f,a7f95dde-63fb-11ea-8dcd-00d86175334f,a7f95dde-63fb-11ea-8dcd-00d86175334f,,,,,false,false,,,a7f95dde-63fb-11ea-8dcd-00d86175334f,2020-03-12T10:51:49.430+1000,2020-03-12T10:51:49.430+1000,0
Task_0gboccm:a7fa966f-63fb-11ea-8dcd-00d86175334f,a7fa6f5b-63fb-11ea-8dcd-00d86175334f,Task_0gboccm,Task 3,task,sequence,sequence:1:56ede483-5de0-11ea-a86b-00d86175334f,a7fa6f5b-63fb-11ea-8dcd-00d86175334f,a7fa6f5b-63fb-11ea-8dcd-00d86175334f,,,,,false,false,,,a7fa6f5b-63fb-11ea-8dcd-00d86175334f,2020-03-12T10:51:49.438+1000,2020-03-12T10:51:49.438+1000,0
Task_0gboccm:a7fbcefc-63fb-11ea-8dcd-00d86175334f,a7fba7e8-63fb-11ea-8dcd-00d86175334f,Task_0gboccm,Task 3,task,sequence,sequence:1:56ede483-5de0-11ea-a86b-00d86175334f,a7fba7e8-63fb-11ea-8dcd-00d86175334f,a7fba7e8-63fb-11ea-8dcd-00d86175334f,,,,,false,false,,,a7fba7e8-63fb-11ea-8dcd-00d86175334f,2020-03-12T10:51:49.446+1000,2020-03-12T10:51:49.446+1000,0
Task_0tlrcfq:28c5472d-63fb-11ea-8dcd-00d86175334f,28c37268-63fb-11ea-8dcd-00d86175334f,Task_0tlrcfq,Task 4,task,sequence,sequence:1:56ede483-5de0-11ea-a86b-00d86175334f,28c37268-63fb-11ea-8dcd-00d86175334f,28c37268-63fb-11ea-8dcd-00d86175334f,,,,,false,false,,,28c37268-63fb-11ea-8dcd-00d86175334f,2020-03-12T10:48:16.018+1000,2020-03-12T10:48:16.018+1000,0
Task_0tlrcfq:6c7a8e29-5de0-11ea-a86b-00d86175334f,6c7a8e24-5de0-11ea-a86b-00d86175334f,Task_0tlrcfq,Task 4,task,sequence,sequence:1:56ede483-5de0-11ea-a86b-00d86175334f,6c7a8e24-5de0-11ea-a86b-00d86175334f,6c7a8e24-5de0-11ea-a86b-00d86175334f,,,,,false,false,,,6c7a8e24-5de0-11ea-a86b-00d86175334f,2020-03-04T16:21:46.225+1000,2020-03-04T16:21:46.225+1000,0
Task_0tlrcfq:a7ec3e28-63fb-11ea-8dcd-00d86175334f,a7ec1713-63fb-11ea-8dcd-00d86175334f,Task_0tlrcfq,Task 4,task,sequence,sequence:1:56ede483-5de0-11ea-a86b-00d86175334f,a7ec1713-63fb-11ea-8dcd-00d86175334f,a7ec1713-63fb-11ea-8dcd-00d86175334f,,,,,false,false,,,a7ec1713-63fb-11ea-8dcd-00d86175334f,2020-03-12T10:51:49.344+1000,2020-03-12T10:51:49.344+1000,0
Task_0tlrcfq:a7f083f5-63fb-11ea-8dcd-00d86175334f,a7f05ce0-63fb-11ea-8dcd-00d86175334f,Task_0tlrcfq,Task 4,task,sequence,sequence:1:56ede483-5de0-11ea-a86b-00d86175334f,a7f05ce0-63fb-11ea-8dcd-00d86175334f,a7f05ce0-63fb-11ea-8dcd-00d86175334f,,,,,false,false,,,a7f05ce0-63fb-11ea-8dcd-00d86175334f,2020-03-12T10:51:49.372+1000,2020-03-12T10:51:49.372+1000,0
Task_0tlrcfq:a7f27fd2-63fb-11ea-8dcd-00d86175334f,a7f258bd-63fb-11ea-8dcd-00d86175334f,Task_0tlrcfq,Task 4,task,sequence,sequence:1:56ede483-5de0-11ea-a86b-00d86175334f,a7f258bd-63fb-11ea-8dcd-00d86175334f,a7f258bd-63fb-11ea-8dcd-00d86175334f,,,,,false,false,,,a7f258bd-63fb-11ea-8dcd-00d86175334f,2020-03-12T10:51:49.385+1000,2020-03-12T10:51:49.385+1000,0
Task_0tlrcfq:a7f47baf-63fb-11ea-8dcd-00d86175334f,a7f4549a-63fb-11ea-8dcd-00d86175334f,Task_0tlrcfq,Task 4,task,sequence,sequence:1:56ede483-5de0-11ea-a86b-00d86175334f,a7f4549a-63fb-11ea-8dcd-00d86175334f,a7f4549a-63fb-11ea-8dcd-00d86175334f,,,,,false,false,,,a7f4549a-63fb-11ea-8dcd-00d86175334f,2020-03-12T10:51:49.398+1000,2020-03-12T10:51:49.398+1000,0
Task_0tlrcfq:a7f6025c-63fb-11ea-8dcd-00d86175334f,a7f5db47-63fb-11ea-8dcd-00d86175334f,Task_0tlrcfq,Task 4,task,sequence,sequence:1:56ede483-5de0-11ea-a86b-00d86175334f,a7f5db47-63fb-11ea-8dcd-00d86175334f,a7f5db47-63fb-11ea-8dcd-00d86175334f,,,,,false,false,,,a7f5db47-63fb-11ea-8dcd-00d86175334f,2020-03-12T10:51:49.408+1000,2020-03-12T10:51:49.408+1000,0
Task_0tlrcfq:a7f713d9-63fb-11ea-8dcd-00d86175334f,a7f713d4-63fb-11ea-8dcd-00d86175334f,Task_0tlrcfq,Task 4,task,sequence,sequence:1:56ede483-5de0-11ea-a86b-00d86175334f,a7f713d4-63fb-11ea-8dcd-00d86175334f,a7f713d4-63fb-11ea-8dcd-00d86175334f,,,,,false,false,,,a7f713d4-63fb-11ea-8dcd-00d86175334f,2020-03-12T10:51:49.415+1000,2020-03-12T10:51:49.415+1000,0
Task_0tlrcfq:a7f82556-63fb-11ea-8dcd-00d86175334f,a7f82551-63fb-11ea-8dcd-00d86175334f,Task_0tlrcfq,Task 4,task,sequence,sequence:1:56ede483-5de0-11ea-a86b-00d86175334f,a7f82551-63fb-11ea-8dcd-00d86175334f,a7f82551-63fb-11ea-8dcd-00d86175334f,,,,,false,false,,,a7f82551-63fb-11ea-8dcd-00d86175334f,2020-03-12T10:51:49.422+1000,2020-03-12T10:51:49.422+1000,0
Task_0tlrcfq:a7f95de3-63fb-11ea-8dcd-00d86175334f,a7f95dde-63fb-11ea-8dcd-00d86175334f,Task_0tlrcfq,Task 4,task,sequence,sequence:1:56ede483-5de0-11ea-a86b-00d86175334f,a7f95dde-63fb-11ea-8dcd-00d86175334f,a7f95dde-63fb-11ea-8dcd-00d86175334f,,,,,false,false,,,a7f95dde-63fb-11ea-8dcd-00d86175334f,2020-03-12T10:51:49.430+1000,2020-03-12T10:51:49.430+1000,0
Task_0tlrcfq:a7fa9670-63fb-11ea-8dcd-00d86175334f,a7fa6f5b-63fb-11ea-8dcd-00d86175334f,Task_0tlrcfq,Task 4,task,sequence,sequence:1:56ede483-5de0-11ea-a86b-00d86175334f,a7fa6f5b-63fb-11ea-8dcd-00d86175334f,a7fa6f5b-63fb-11ea-8dcd-00d86175334f,,,,,false,false,,,a7fa6f5b-63fb-11ea-8dcd-00d86175334f,2020-03-12T10:51:49.438+1000,2020-03-12T10:51:49.438+1000,0
Task_0tlrcfq:a7fbcefd-63fb-11ea-8dcd-00d86175334f,a7fba7e8-63fb-11ea-8dcd-00d86175334f,Task_0tlrcfq,Task 4,task,sequence,sequence:1:56ede483-5de0-11ea-a86b-00d86175334f,a7fba7e8-63fb-11ea-8dcd-00d86175334f,a7fba7e8-63fb-11ea-8dcd-00d86175334f,,,,,false,false,,,a7fba7e8-63fb-11ea-8dcd-00d86175334f,2020-03-12T10:51:49.446+1000,2020-03-12T10:51:49.446+1000,0
Task_0yi450k:28c56e43-63fb-11ea-8dcd-00d86175334f,28c37268-63fb-11ea-8dcd-00d86175334f,Task_0yi450k,Task 10,task,sequence,sequence:1:56ede483-5de0-11ea-a86b-00d86175334f,28c37268-63fb-11ea-8dcd-00d86175334f,28c37268-63fb-11ea-8dcd-00d86175334f,,,,,false,false,,,28c37268-63fb-11ea-8dcd-00d86175334f,2020-03-12T10:48:16.019+1000,2020-03-12T10:48:16.019+1000,0
Task_0yi450k:6c7a8e2f-5de0-11ea-a86b-00d86175334f,6c7a8e24-5de0-11ea-a86b-00d86175334f,Task_0yi450k,Task 10,task,sequence,sequence:1:56ede483-5de0-11ea-a86b-00d86175334f,6c7a8e24-5de0-11ea-a86b-00d86175334f,6c7a8e24-5de0-11ea-a86b-00d86175334f,,,,,false,false,,,6c7a8e24-5de0-11ea-a86b-00d86175334f,2020-03-04T16:21:46.225+1000,2020-03-04T16:21:46.225+1000,0
Task_0yi450k:a7ec653e-63fb-11ea-8dcd-00d86175334f,a7ec1713-63fb-11ea-8dcd-00d86175334f,Task_0yi450k,Task 10,task,sequence,sequence:1:56ede483-5de0-11ea-a86b-00d86175334f,a7ec1713-63fb-11ea-8dcd-00d86175334f,a7ec1713-63fb-11ea-8dcd-00d86175334f,,,,,false,false,,,a7ec1713-63fb-11ea-8dcd-00d86175334f,2020-03-12T10:51:49.345+1000,2020-03-12T10:51:49.345+1000,0
Task_0yi450k:a7f0ab0b-63fb-11ea-8dcd-00d86175334f,a7f05ce0-63fb-11ea-8dcd-00d86175334f,Task_0yi450k,Task 10,task,sequence,sequence:1:56ede483-5de0-11ea-a86b-00d86175334f,a7f05ce0-63fb-11ea-8dcd-00d86175334f,a7f05ce0-63fb-11ea-8dcd-00d86175334f,,,,,false,false,,,a7f05ce0-63fb-11ea-8dcd-00d86175334f,2020-03-12T10:51:49.373+1000,2020-03-12T10:51:49.373+1000,0
Task_0yi450k:a7f2a6e8-63fb-11ea-8dcd-00d86175334f,a7f258bd-63fb-11ea-8dcd-00d86175334f,Task_0yi450k,Task 10,task,sequence,sequence:1:56ede483-5de0-11ea-a86b-00d86175334f,a7f258bd-63fb-11ea-8dcd-00d86175334f,a7f258bd-63fb-11ea-8dcd-00d86175334f,,,,,false,false,,,a7f258bd-63fb-11ea-8dcd-00d86175334f,2020-03-12T10:51:49.386+1000,2020-03-12T10:51:49.386+1000,0
Task_0yi450k:a7f4a2c5-63fb-11ea-8dcd-00d86175334f,a7f4549a-63fb-11ea-8dcd-00d86175334f,Task_0yi450k,Task 10,task,sequence,sequence:1:56ede483-5de0-11ea-a86b-00d86175334f,a7f4549a-63fb-11ea-8dcd-00d86175334f,a7f4549a-63fb-11ea-8dcd-00d86175334f,,,,,false,false,,,a7f4549a-63fb-11ea-8dcd-00d86175334f,2020-03-12T10:51:49.399+1000,2020-03-12T10:51:49.399+1000,0
Task_0yi450k:a7f60262-63fb-11ea-8dcd-00d86175334f,a7f5db47-63fb-11ea-8dcd-00d86175334f,Task_0yi450k,Task 10,task,sequence,sequence:1:56ede483-5de0-11ea-a86b-00d86175334f,a7f5db47-63fb-11ea-8dcd-00d86175334f,a7f5db47-63fb-11ea-8dcd-00d86175334f,,,,,false,false,,,a7f5db47-63fb-11ea-8dcd-00d86175334f,2020-03-12T10:51:49.408+1000,2020-03-12T10:51:49.408+1000,0
Task_0yi450k:a7f73aef-63fb-11ea-8dcd-00d86175334f,a7f713d4-63fb-11ea-8dcd-00d86175334f,Task_0yi450k,Task 10,task,sequence,sequence:1:56ede483-5de0-11ea-a86b-00d86175334f,a7f713d4-63fb-11ea-8dcd-00d86175334f,a7f713d4-63fb-11ea-8dcd-00d86175334f,,,,,false,false,,,a7f713d4-63fb-11ea-8dcd-00d86175334f,2020-03-12T10:51:49.416+1000,2020-03-12T10:51:49.416+1000,0
Task_0yi450k:a7f84c6c-63fb-11ea-8dcd-00d86175334f,a7f82551-63fb-11ea-8dcd-00d86175334f,Task_0yi450k,Task 10,task,sequence,sequence:1:56ede483-5de0-11ea-a86b-00d86175334f,a7f82551-63fb-11ea-8dcd-00d86175334f,a7f82551-63fb-11ea-8dcd-00d86175334f,,,,,false,false,,,a7f82551-63fb-11ea-8dcd-00d86175334f,2020-03-12T10:51:49.423+1000,2020-03-12T10:51:49.423+1000,0
Task_0yi450k:a7f984f9-63fb-11ea-8dcd-00d86175334f,a7f95dde-63fb-11ea-8dcd-00d86175334f,Task_0yi450k,Task 10,task,sequence,sequence:1:56ede483-5de0-11ea-a86b-00d86175334f,a7f95dde-63fb-11ea-8dcd-00d86175334f,a7f95dde-63fb-11ea-8dcd-00d86175334f,,,,,false,false,,,a7f95dde-63fb-11ea-8dcd-00d86175334f,2020-03-12T10:51:49.431+1000,2020-03-12T10:51:49.431+1000,0
Task_0yi450k:a7fa9676-63fb-11ea-8dcd-00d86175334f,a7fa6f5b-63fb-11ea-8dcd-00d86175334f,Task_0yi450k,Task 10,task,sequence,sequence:1:56ede483-5de0-11ea-a86b-00d86175334f,a7fa6f5b-63fb-11ea-8dcd-00d86175334f,a7fa6f5b-63fb-11ea-8dcd-00d86175334f,,,,,false,false,,,a7fa6f5b-63fb-11ea-8dcd-00d86175334f,2020-03-12T10:51:49.438+1000,2020-03-12T10:51:49.438+1000,0
Task_0yi450k:a7fbf613-63fb-11ea-8dcd-00d86175334f,a7fba7e8-63fb-11ea-8dcd-00d86175334f,Task_0yi450k,Task 10,task,sequence,sequence:1:56ede483-5de0-11ea-a86b-00d86175334f,a7fba7e8-63fb-11ea-8dcd-00d86175334f,a7fba7e8-63fb-11ea-8dcd-00d86175334f,,,,,false,false,,,a7fba7e8-63fb-11ea-8dcd-00d86175334f,2020-03-12T10:51:49.447+1000,2020-03-12T10:51:49.447+1000,0
Task_1df4oox:28c5472f-63fb-11ea-8dcd-00d86175334f,28c37268-63fb-11ea-8dcd-00d86175334f,Task_1df4oox,Task 6,task,sequence,sequence:1:56ede483-5de0-11ea-a86b-00d86175334f,28c37268-63fb-11ea-8dcd-00d86175334f,28c37268-63fb-11ea-8dcd-00d86175334f,,,,,false,false,,,28c37268-63fb-11ea-8dcd-00d86175334f,2020-03-12T10:48:16.018+1000,2020-03-12T10:48:16.018+1000,0
Task_1df4oox:6c7a8e2b-5de0-11ea-a86b-00d86175334f,6c7a8e24-5de0-11ea-a86b-00d86175334f,Task_1df4oox,Task 6,task,sequence,sequence:1:56ede483-5de0-11ea-a86b-00d86175334f,6c7a8e24-5de0-11ea-a86b-00d86175334f,6c7a8e24-5de0-11ea-a86b-00d86175334f,,,,,false,false,,,6c7a8e24-5de0-11ea-a86b-00d86175334f,2020-03-04T16:21:46.225+1000,2020-03-04T16:21:46.225+1000,0
Task_1df4oox:a7ec3e2a-63fb-11ea-8dcd-00d86175334f,a7ec1713-63fb-11ea-8dcd-00d86175334f,Task_1df4oox,Task 6,task,sequence,sequence:1:56ede483-5de0-11ea-a86b-00d86175334f,a7ec1713-63fb-11ea-8dcd-00d86175334f,a7ec1713-63fb-11ea-8dcd-00d86175334f,,,,,false,false,,,a7ec1713-63fb-11ea-8dcd-00d86175334f,2020-03-12T10:51:49.344+1000,2020-03-12T10:51:49.345+1000,1
Task_1df4oox:a7f083f7-63fb-11ea-8dcd-00d86175334f,a7f05ce0-63fb-11ea-8dcd-00d86175334f,Task_1df4oox,Task 6,task,sequence,sequence:1:56ede483-5de0-11ea-a86b-00d86175334f,a7f05ce0-63fb-11ea-8dcd-00d86175334f,a7f05ce0-63fb-11ea-8dcd-00d86175334f,,,,,false,false,,,a7f05ce0-63fb-11ea-8dcd-00d86175334f,2020-03-12T10:51:49.372+1000,2020-03-12T10:51:49.372+1000,0
Task_1df4oox:a7f27fd4-63fb-11ea-8dcd-00d86175334f,a7f258bd-63fb-11ea-8dcd-00d86175334f,Task_1df4oox,Task 6,task,sequence,sequence:1:56ede483-5de0-11ea-a86b-00d86175334f,a7f258bd-63fb-11ea-8dcd-00d86175334f,a7f258bd-63fb-11ea-8dcd-00d86175334f,,,,,false,false,,,a7f258bd-63fb-11ea-8dcd-00d86175334f,2020-03-12T10:51:49.385+1000,2020-03-12T10:51:49.385+1000,0
Task_1df4oox:a7f47bb1-63fb-11ea-8dcd-00d86175334f,a7f4549a-63fb-11ea-8dcd-00d86175334f,Task_1df4oox,Task 6,task,sequence,sequence:1:56ede483-5de0-11ea-a86b-00d86175334f,a7f4549a-63fb-11ea-8dcd-00d86175334f,a7f4549a-63fb-11ea-8dcd-00d86175334f,,,,,false,false,,,a7f4549a-63fb-11ea-8dcd-00d86175334f,2020-03-12T10:51:49.398+1000,2020-03-12T10:51:49.398+1000,0
Task_1df4oox:a7f6025e-63fb-11ea-8dcd-00d86175334f,a7f5db47-63fb-11ea-8dcd-00d86175334f,Task_1df4oox,Task 6,task,sequence,sequence:1:56ede483-5de0-11ea-a86b-00d86175334f,a7f5db47-63fb-11ea-8dcd-00d86175334f,a7f5db47-63fb-11ea-8dcd-00d86175334f,,,,,false,false,,,a7f5db47-63fb-11ea-8dcd-00d86175334f,2020-03-12T10:51:49.408+1000,2020-03-12T10:51:49.408+1000,0
Task_1df4oox:a7f713db-63fb-11ea-8dcd-00d86175334f,a7f713d4-63fb-11ea-8dcd-00d86175334f,Task_1df4oox,Task 6,task,sequence,sequence:1:56ede483-5de0-11ea-a86b-00d86175334f,a7f713d4-63fb-11ea-8dcd-00d86175334f,a7f713d4-63fb-11ea-8dcd-00d86175334f,,,,,false,false,,,a7f713d4-63fb-11ea-8dcd-00d86175334f,2020-03-12T10:51:49.415+1000,2020-03-12T10:51:49.415+1000,0
Task_1df4oox:a7f82558-63fb-11ea-8dcd-00d86175334f,a7f82551-63fb-11ea-8dcd-00d86175334f,Task_1df4oox,Task 6,task,sequence,sequence:1:56ede483-5de0-11ea-a86b-00d86175334f,a7f82551-63fb-11ea-8dcd-00d86175334f,a7f82551-63fb-11ea-8dcd-00d86175334f,,,,,false,false,,,a7f82551-63fb-11ea-8dcd-00d86175334f,2020-03-12T10:51:49.422+1000,2020-03-12T10:51:49.422+1000,0
Task_1df4oox:a7f95de5-63fb-11ea-8dcd-00d86175334f,a7f95dde-63fb-11ea-8dcd-00d86175334f,Task_1df4oox,Task 6,task,sequence,sequence:1:56ede483-5de0-11ea-a86b-00d86175334f,a7f95dde-63fb-11ea-8dcd-00d86175334f,a7f95dde-63fb-11ea-8dcd-00d86175334f,,,,,false,false,,,a7f95dde-63fb-11ea-8dcd-00d86175334f,2020-03-12T10:51:49.430+1000,2020-03-12T10:51:49.431+1000,1
Task_1df4oox:a7fa9672-63fb-11ea-8dcd-00d86175334f,a7fa6f5b-63fb-11ea-8dcd-00d86175334f,Task_1df4oox,Task 6,task,sequence,sequence:1:56ede483-5de0-11ea-a86b-00d86175334f,a7fa6f5b-63fb-11ea-8dcd-00d86175334f,a7fa6f5b-63fb-11ea-8dcd-00d86175334f,,,,,false,false,,,a7fa6f5b-63fb-11ea-8dcd-00d86175334f,2020-03-12T10:51:49.438+1000,2020-03-12T10:51:49.438+1000,0
Task_1df4oox:a7fbceff-63fb-11ea-8dcd-00d86175334f,a7fba7e8-63fb-11ea-8dcd-00d86175334f,Task_1df4oox,Task 6,task,sequence,sequence:1:56ede483-5de0-11ea-a86b-00d86175334f,a7fba7e8-63fb-11ea-8dcd-00d86175334f,a7fba7e8-63fb-11ea-8dcd-00d86175334f,,,,,false,false,,,a7fba7e8-63fb-11ea-8dcd-00d86175334f,2020-03-12T10:51:49.446+1000,2020-03-12T10:51:49.446+1000,0
Task_1hzysui:28c56e42-63fb-11ea-8dcd-00d86175334f,28c37268-63fb-11ea-8dcd-00d86175334f,Task_1hzysui,Task 9,task,sequence,sequence:1:56ede483-5de0-11ea-a86b-00d86175334f,28c37268-63fb-11ea-8dcd-00d86175334f,28c37268-63fb-11ea-8dcd-00d86175334f,,,,,false,false,,,28c37268-63fb-11ea-8dcd-00d86175334f,2020-03-12T10:48:16.019+1000,2020-03-12T10:48:16.019+1000,0
Task_1hzysui:6c7a8e2e-5de0-11ea-a86b-00d86175334f,6c7a8e24-5de0-11ea-a86b-00d86175334f,Task_1hzysui,Task 9,task,sequence,sequence:1:56ede483-5de0-11ea-a86b-00d86175334f,6c7a8e24-5de0-11ea-a86b-00d86175334f,6c7a8e24-5de0-11ea-a86b-00d86175334f,,,,,false,false,,,6c7a8e24-5de0-11ea-a86b-00d86175334f,2020-03-04T16:21:46.225+1000,2020-03-04T16:21:46.225+1000,0
Task_1hzysui:a7ec653d-63fb-11ea-8dcd-00d86175334f,a7ec1713-63fb-11ea-8dcd-00d86175334f,Task_1hzysui,Task 9,task,sequence,sequence:1:56ede483-5de0-11ea-a86b-00d86175334f,a7ec1713-63fb-11ea-8dcd-00d86175334f,a7ec1713-63fb-11ea-8dcd-00d86175334f,,,,,false,false,,,a7ec1713-63fb-11ea-8dcd-00d86175334f,2020-03-12T10:51:49.345+1000,2020-03-12T10:51:49.345+1000,0
Task_1hzysui:a7f0ab0a-63fb-11ea-8dcd-00d86175334f,a7f05ce0-63fb-11ea-8dcd-00d86175334f,Task_1hzysui,Task 9,task,sequence,sequence:1:56ede483-5de0-11ea-a86b-00d86175334f,a7f05ce0-63fb-11ea-8dcd-00d86175334f,a7f05ce0-63fb-11ea-8dcd-00d86175334f,,,,,false,false,,,a7f05ce0-63fb-11ea-8dcd-00d86175334f,2020-03-12T10:51:49.373+1000,2020-03-12T10:51:49.373+1000,0
Task_1hzysui:a7f2a6e7-63fb-11ea-8dcd-00d86175334f,a7f258bd-63fb-11ea-8dcd-00d86175334f,Task_1hzysui,Task 9,task,sequence,sequence:1:56ede483-5de0-11ea-a86b-00d86175334f,a7f258bd-63fb-11ea-8dcd-00d86175334f,a7f258bd-63fb-11ea-8dcd-00d86175334f,,,,,false,false,,,a7f258bd-63fb-11ea-8dcd-00d86175334f,2020-03-12T10:51:49.386+1000,2020-03-12T10:51:49.386+1000,0
Task_1hzysui:a7f4a2c4-63fb-11ea-8dcd-00d86175334f,a7f4549a-63fb-11ea-8dcd-00d86175334f,Task_1hzysui,Task 9,task,sequence,sequence:1:56ede483-5de0-11ea-a86b-00d86175334f,a7f4549a-63fb-11ea-8dcd-00d86175334f,a7f4549a-63fb-11ea-8dcd-00d86175334f,,,,,false,false,,,a7f4549a-63fb-11ea-8dcd-00d86175334f,2020-03-12T10:51:49.399+1000,2020-03-12T10:51:49.399+1000,0
Task_1hzysui:a7f60261-63fb-11ea-8dcd-00d86175334f,a7f5db47-63fb-11ea-8dcd-00d86175334f,Task_1hzysui,Task 9,task,sequence,sequence:1:56ede483-5de0-11ea-a86b-00d86175334f,a7f5db47-63fb-11ea-8dcd-00d86175334f,a7f5db47-63fb-11ea-8dcd-00d86175334f,,,,,false,false,,,a7f5db47-63fb-11ea-8dcd-00d86175334f,2020-03-12T10:51:49.408+1000,2020-03-12T10:51:49.408+1000,0
Task_1hzysui:a7f73aee-63fb-11ea-8dcd-00d86175334f,a7f713d4-63fb-11ea-8dcd-00d86175334f,Task_1hzysui,Task 9,task,sequence,sequence:1:56ede483-5de0-11ea-a86b-00d86175334f,a7f713d4-63fb-11ea-8dcd-00d86175334f,a7f713d4-63fb-11ea-8dcd-00d86175334f,,,,,false,false,,,a7f713d4-63fb-11ea-8dcd-00d86175334f,2020-03-12T10:51:49.416+1000,2020-03-12T10:51:49.416+1000,0
Task_1hzysui:a7f84c6b-63fb-11ea-8dcd-00d86175334f,a7f82551-63fb-11ea-8dcd-00d86175334f,Task_1hzysui,Task 9,task,sequence,sequence:1:56ede483-5de0-11ea-a86b-00d86175334f,a7f82551-63fb-11ea-8dcd-00d86175334f,a7f82551-63fb-11ea-8dcd-00d86175334f,,,,,false,false,,,a7f82551-63fb-11ea-8dcd-00d86175334f,2020-03-12T10:51:49.423+1000,2020-03-12T10:51:49.423+1000,0
Task_1hzysui:a7f984f8-63fb-11ea-8dcd-00d86175334f,a7f95dde-63fb-11ea-8dcd-00d86175334f,Task_1hzysui,Task 9,task,sequence,sequence:1:56ede483-5de0-11ea-a86b-00d86175334f,a7f95dde-63fb-11ea-8dcd-00d86175334f,a7f95dde-63fb-11ea-8dcd-00d86175334f,,,,,false,false,,,a7f95dde-63fb-11ea-8dcd-00d86175334f,2020-03-12T10:51:49.431+1000,2020-03-12T10:51:49.431+1000,0
Task_1hzysui:a7fa9675-63fb-11ea-8dcd-00d86175334f,a7fa6f5b-63fb-11ea-8dcd-00d86175334f,Task_1hzysui,Task 9,task,sequence,sequence:1:56ede483-5de0-11ea-a86b-00d86175334f,a7fa6f5b-63fb-11ea-8dcd-00d86175334f,a7fa6f5b-63fb-11ea-8dcd-00d86175334f,,,,,false,false,,,a7fa6f5b-63fb-11ea-8dcd-00d86175334f,2020-03-12T10:51:49.438+1000,2020-03-12T10:51:49.438+1000,0
Task_1hzysui:a7fbf612-63fb-11ea-8dcd-00d86175334f,a7fba7e8-63fb-11ea-8dcd-00d86175334f,Task_1hzysui,Task 9,task,sequence,sequence:1:56ede483-5de0-11ea-a86b-00d86175334f,a7fba7e8-63fb-11ea-8dcd-00d86175334f,a7fba7e8-63fb-11ea-8dcd-00d86175334f,,,,,false,false,,,a7fba7e8-63fb-11ea-8dcd-00d86175334f,2020-03-12T10:51:49.447+1000,2020-03-12T10:51:49.447+1000,0
Task_1r0ab2p:28c54731-63fb-11ea-8dcd-00d86175334f,28c37268-63fb-11ea-8dcd-00d86175334f,Task_1r0ab2p,Task 8,task,sequence,sequence:1:56ede483-5de0-11ea-a86b-00d86175334f,28c37268-63fb-11ea-8dcd-00d86175334f,28c37268-63fb-11ea-8dcd-00d86175334f,,,,,false,false,,,28c37268-63fb-11ea-8dcd-00d86175334f,2020-03-12T10:48:16.018+1000,2020-03-12T10:48:16.019+1000,1
Task_1r0ab2p:6c7a8e2d-5de0-11ea-a86b-00d86175334f,6c7a8e24-5de0-11ea-a86b-00d86175334f,Task_1r0ab2p,Task 8,task,sequence,sequence:1:56ede483-5de0-11ea-a86b-00d86175334f,6c7a8e24-5de0-11ea-a86b-00d86175334f,6c7a8e24-5de0-11ea-a86b-00d86175334f,,,,,false,false,,,6c7a8e24-5de0-11ea-a86b-00d86175334f,2020-03-04T16:21:46.225+1000,2020-03-04T16:21:46.225+1000,0
Task_1r0ab2p:a7ec653c-63fb-11ea-8dcd-00d86175334f,a7ec1713-63fb-11ea-8dcd-00d86175334f,Task_1r0ab2p,Task 8,task,sequence,sequence:1:56ede483-5de0-11ea-a86b-00d86175334f,a7ec1713-63fb-11ea-8dcd-00d86175334f,a7ec1713-63fb-11ea-8dcd-00d86175334f,,,,,false,false,,,a7ec1713-63fb-11ea-8dcd-00d86175334f,2020-03-12T10:51:49.345+1000,2020-03-12T10:51:49.345+1000,0
Task_1r0ab2p:a7f0ab09-63fb-11ea-8dcd-00d86175334f,a7f05ce0-63fb-11ea-8dcd-00d86175334f,Task_1r0ab2p,Task 8,task,sequence,sequence:1:56ede483-5de0-11ea-a86b-00d86175334f,a7f05ce0-63fb-11ea-8dcd-00d86175334f,a7f05ce0-63fb-11ea-8dcd-00d86175334f,,,,,false,false,,,a7f05ce0-63fb-11ea-8dcd-00d86175334f,2020-03-12T10:51:49.373+1000,2020-03-12T10:51:49.373+1000,0
Task_1r0ab2p:a7f2a6e6-63fb-11ea-8dcd-00d86175334f,a7f258bd-63fb-11ea-8dcd-00d86175334f,Task_1r0ab2p,Task 8,task,sequence,sequence:1:56ede483-5de0-11ea-a86b-00d86175334f,a7f258bd-63fb-11ea-8dcd-00d86175334f,a7f258bd-63fb-11ea-8dcd-00d86175334f,,,,,false,false,,,a7f258bd-63fb-11ea-8dcd-00d86175334f,2020-03-12T10:51:49.386+1000,2020-03-12T10:51:49.386+1000,0
Task_1r0ab2p:a7f47bb3-63fb-11ea-8dcd-00d86175334f,a7f4549a-63fb-11ea-8dcd-00d86175334f,Task_1r0ab2p,Task 8,task,sequence,sequence:1:56ede483-5de0-11ea-a86b-00d86175334f,a7f4549a-63fb-11ea-8dcd-00d86175334f,a7f4549a-63fb-11ea-8dcd-00d86175334f,,,,,false,false,,,a7f4549a-63fb-11ea-8dcd-00d86175334f,2020-03-12T10:51:49.398+1000,2020-03-12T10:51:49.399+1000,1
Task_1r0ab2p:a7f60260-63fb-11ea-8dcd-00d86175334f,a7f5db47-63fb-11ea-8dcd-00d86175334f,Task_1r0ab2p,Task 8,task,sequence,sequence:1:56ede483-5de0-11ea-a86b-00d86175334f,a7f5db47-63fb-11ea-8dcd-00d86175334f,a7f5db47-63fb-11ea-8dcd-00d86175334f,,,,,false,false,,,a7f5db47-63fb-11ea-8dcd-00d86175334f,2020-03-12T10:51:49.408+1000,2020-03-12T10:51:49.408+1000,0
Task_1r0ab2p:a7f73aed-63fb-11ea-8dcd-00d86175334f,a7f713d4-63fb-11ea-8dcd-00d86175334f,Task_1r0ab2p,Task 8,task,sequence,sequence:1:56ede483-5de0-11ea-a86b-00d86175334f,a7f713d4-63fb-11ea-8dcd-00d86175334f,a7f713d4-63fb-11ea-8dcd-00d86175334f,,,,,false,false,,,a7f713d4-63fb-11ea-8dcd-00d86175334f,2020-03-12T10:51:49.416+1000,2020-03-12T10:51:49.416+1000,0
Task_1r0ab2p:a7f8255a-63fb-11ea-8dcd-00d86175334f,a7f82551-63fb-11ea-8dcd-00d86175334f,Task_1r0ab2p,Task 8,task,sequence,sequence:1:56ede483-5de0-11ea-a86b-00d86175334f,a7f82551-63fb-11ea-8dcd-00d86175334f,a7f82551-63fb-11ea-8dcd-00d86175334f,,,,,false,false,,,a7f82551-63fb-11ea-8dcd-00d86175334f,2020-03-12T10:51:49.422+1000,2020-03-12T10:51:49.423+1000,1
Task_1r0ab2p:a7f984f7-63fb-11ea-8dcd-00d86175334f,a7f95dde-63fb-11ea-8dcd-00d86175334f,Task_1r0ab2p,Task 8,task,sequence,sequence:1:56ede483-5de0-11ea-a86b-00d86175334f,a7f95dde-63fb-11ea-8dcd-00d86175334f,a7f95dde-63fb-11ea-8dcd-00d86175334f,,,,,false,false,,,a7f95dde-63fb-11ea-8dcd-00d86175334f,2020-03-12T10:51:49.431+1000,2020-03-12T10:51:49.431+1000,0
Task_1r0ab2p:a7fa9674-63fb-11ea-8dcd-00d86175334f,a7fa6f5b-63fb-11ea-8dcd-00d86175334f,Task_1r0ab2p,Task 8,task,sequence,sequence:1:56ede483-5de0-11ea-a86b-00d86175334f,a7fa6f5b-63fb-11ea-8dcd-00d86175334f,a7fa6f5b-63fb-11ea-8dcd-00d86175334f,,,,,false,false,,,a7fa6f5b-63fb-11ea-8dcd-00d86175334f,2020-03-12T10:51:49.438+1000,2020-03-12T10:51:49.438+1000,0
Task_1r0ab2p:a7fbcf01-63fb-11ea-8dcd-00d86175334f,a7fba7e8-63fb-11ea-8dcd-00d86175334f,Task_1r0ab2p,Task 8,task,sequence,sequence:1:56ede483-5de0-11ea-a86b-00d86175334f,a7fba7e8-63fb-11ea-8dcd-00d86175334f,a7fba7e8-63fb-11ea-8dcd-00d86175334f,,,,,false,false,,,a7fba7e8-63fb-11ea-8dcd-00d86175334f,2020-03-12T10:51:49.446+1000,2020-03-12T10:51:49.447+1000,1
